organisation,mobile,route,community,stop,address,postcode,geox,geoy,day,arrival,departure,frequency,start,end,timetable
Aberdeenshire Council,North,North Weeks 1 & 3 Monday,Fetterangus,North Place,"North Place, Fetterangus",,-2.0238940999999997,57.54863559999999,Monday,09:20,09:45,FREQ=WEEKLY;INTERVAL=2,2019-01-21,,https://www.livelifeaberdeenshire.org.uk/media/2808/mobile-north-timetable-160119.pdf
Aberdeenshire Council,North,North Weeks 1 & 3 Monday,New Leeds,Manse Street,"Manse Street, New Leeds",,-2.0095679,57.5820431,Monday,10:00,10:30,FREQ=WEEKLY;INTERVAL=2,2019-01-21,,https://www.livelifeaberdeenshire.org.uk/media/2808/mobile-north-timetable-160119.pdf
Aberdeenshire Council,North,North Weeks 1 & 3 Monday,Stuartfield,Playgroup,"Playgroup, Stuartfield",,-2.045951,57.5043374,Monday,11:00,11:30,FREQ=WEEKLY;INTERVAL=2,2019-01-21,,https://www.livelifeaberdeenshire.org.uk/media/2808/mobile-north-timetable-160119.pdf
Aberdeenshire Council,North,North Weeks 1 & 3 Monday,St Combs,High Street,"High Street, St Combs",,-1.9118764000000001,57.656737,Monday,13:00,14:00,FREQ=WEEKLY;INTERVAL=2,2019-01-21,,https://www.livelifeaberdeenshire.org.uk/media/2808/mobile-north-timetable-160119.pdf
Aberdeenshire Council,North,North Weeks 1 & 3 Monday,Lonmay,Market Croft,"Market Croft, Lonmay",,-1.9319357,57.6296442,Monday,14:10,14:30,FREQ=WEEKLY;INTERVAL=2,2019-01-21,,https://www.livelifeaberdeenshire.org.uk/media/2808/mobile-north-timetable-160119.pdf
Aberdeenshire Council,North,North Weeks 1 & 3 Monday,Lonmay Area,Corse Hill Farm,"Corse Hill Farm, Lonmay Area",,-1.98221,57.5740107,Monday,14:40,14:55,FREQ=WEEKLY;INTERVAL=2,2019-01-21,,https://www.livelifeaberdeenshire.org.uk/media/2808/mobile-north-timetable-160119.pdf
Aberdeenshire Council,North,North Weeks 1 & 3 Monday,Lonmay Area,Corse Farm,"Corse Farm, Lonmay Area",,-1.9843557,57.5722905,Monday,15:00,15:15,FREQ=WEEKLY;INTERVAL=2,2019-01-21,,https://www.livelifeaberdeenshire.org.uk/media/2808/mobile-north-timetable-160119.pdf
Aberdeenshire Council,North,North Weeks 1 & 3 Tuesday,New Aberdour,High Street,"High Street, New Aberdour",,-2.1952784999999997,57.65726309999999,Tuesday,09:30,10:00,FREQ=WEEKLY;INTERVAL=2,2019-01-22,,https://www.livelifeaberdeenshire.org.uk/media/2808/mobile-north-timetable-160119.pdf
Aberdeenshire Council,North,North Weeks 1 & 3 Tuesday,Sandhaven,Clinton Drive,"Clinton Drive, Sandhaven",,-2.0622724,57.695357699999995,Tuesday,10:20,10:35,FREQ=WEEKLY;INTERVAL=2,2019-01-22,,https://www.livelifeaberdeenshire.org.uk/media/2808/mobile-north-timetable-160119.pdf
Aberdeenshire Council,North,North Weeks 1 & 3 Tuesday,Sandhaven,Roderick Drive,"Roderick Drive, Sandhaven",,-2.0633988999999997,57.6968033,Tuesday,10:40,11:00,FREQ=WEEKLY;INTERVAL=2,2019-01-22,,https://www.livelifeaberdeenshire.org.uk/media/2808/mobile-north-timetable-160119.pdf
Aberdeenshire Council,North,North Weeks 1 & 3 Tuesday,Rathen,Village,"Village, Rathen",,-1.9997851000000002,57.6374735,Tuesday,11:25,11:45,FREQ=WEEKLY;INTERVAL=2,2019-01-22,,https://www.livelifeaberdeenshire.org.uk/media/2808/mobile-north-timetable-160119.pdf
Aberdeenshire Council,North,North Weeks 1 & 3 Tuesday,Lonmay,Village,"Village, Lonmay",,-1.9788587,57.621546099999996,Tuesday,11:55,12:15,FREQ=WEEKLY;INTERVAL=2,2019-01-22,,https://www.livelifeaberdeenshire.org.uk/media/2808/mobile-north-timetable-160119.pdf
Aberdeenshire Council,North,North Weeks 1 & 3 Tuesday,Crimond,Main Street,"Main Street, Crimond",,-1.9091998,57.601053699999994,Tuesday,13:30,13:45,FREQ=WEEKLY;INTERVAL=2,2019-01-22,,https://www.livelifeaberdeenshire.org.uk/media/2808/mobile-north-timetable-160119.pdf
Aberdeenshire Council,North,North Weeks 1 & 3 Tuesday,St Fergus – Renouard Court,St Fergus – Renouard Court,"St Fergus – Renouard Court, St Fergus – Renouard Court",,-1.8365648,57.5565685,Tuesday,13:55,14:10,FREQ=WEEKLY;INTERVAL=2,2019-01-22,,https://www.livelifeaberdeenshire.org.uk/media/2808/mobile-north-timetable-160119.pdf
Aberdeenshire Council,North,North Weeks 1 & 3 Tuesday,Burnhaven School,Burnhaven School,"Burnhaven School, Burnhaven School",,-1.7932436,57.4889791,Tuesday,14:30,15:15,FREQ=WEEKLY;INTERVAL=2,2019-01-22,,https://www.livelifeaberdeenshire.org.uk/media/2808/mobile-north-timetable-160119.pdf
Aberdeenshire Council,North,North Weeks 1 & 3 Wednesday,Cuminestown,Thornhill Road,"Thornhill Road, Cuminestown",,-2.3280734,57.54115089999999,Wednesday,10:25,10:40,FREQ=WEEKLY;INTERVAL=2,2019-01-09,,https://www.livelifeaberdeenshire.org.uk/media/2808/mobile-north-timetable-160119.pdf
Aberdeenshire Council,North,North Weeks 1 & 3 Wednesday,Cuminestown,Plane Trees,"Plane Trees, Cuminestown",,-2.3301147,57.5432362,Wednesday,10:45,11:00,FREQ=WEEKLY;INTERVAL=2,2019-01-09,,https://www.livelifeaberdeenshire.org.uk/media/2808/mobile-north-timetable-160119.pdf
Aberdeenshire Council,North,North Weeks 1 & 3 Wednesday,Cuminestown,Bakery,"Bakery, Cuminestown",,-2.3332331,57.5419507,Wednesday,11:05,11:20,FREQ=WEEKLY;INTERVAL=2,2019-01-09,,https://www.livelifeaberdeenshire.org.uk/media/2808/mobile-north-timetable-160119.pdf
Aberdeenshire Council,North,North Weeks 1 & 3 Wednesday,Cuminestown,High Street,"High Street, Cuminestown",,-2.3312322,57.5423192,Wednesday,11:25,11:40,FREQ=WEEKLY;INTERVAL=2,2019-01-09,,https://www.livelifeaberdeenshire.org.uk/media/2808/mobile-north-timetable-160119.pdf
Aberdeenshire Council,North,North Weeks 1 & 3 Wednesday,Garmond,Main Street (Bottom),"Main Street (Bottom), Garmond",,-2.3240474,57.558048299999996,Wednesday,11:50,12:05,FREQ=WEEKLY;INTERVAL=2,2019-01-09,,https://www.livelifeaberdeenshire.org.uk/media/2808/mobile-north-timetable-160119.pdf
Aberdeenshire Council,North,North Weeks 1 & 3 Wednesday,Garmond,Main Street (Top),"Main Street (Top), Garmond",,-2.3240474,57.558048299999996,Wednesday,12:10,12:25,FREQ=WEEKLY;INTERVAL=2,2019-01-09,,https://www.livelifeaberdeenshire.org.uk/media/2808/mobile-north-timetable-160119.pdf
Aberdeenshire Council,North,North Weeks 1 & 3 Wednesday,New Deer,High Street (Chemist),"High Street (Chemist), New Deer",,-2.1934744,57.5128083,Wednesday,13:30,14:00,FREQ=WEEKLY;INTERVAL=2,2019-01-09,,https://www.livelifeaberdeenshire.org.uk/media/2808/mobile-north-timetable-160119.pdf
Aberdeenshire Council,North,North Weeks 1 & 3 Wednesday,New Deer,Fordyce Road,"Fordyce Road, New Deer",,-2.1898885,57.51410980000001,Wednesday,14:05,14:20,FREQ=WEEKLY;INTERVAL=2,2019-01-09,,https://www.livelifeaberdeenshire.org.uk/media/2808/mobile-north-timetable-160119.pdf
Aberdeenshire Council,North,North Weeks 1 & 3 Wednesday,Maud,Bank Road,"Bank Road, Maud",,-2.1260914,57.51876189999999,Wednesday,14:30,14:45,FREQ=WEEKLY;INTERVAL=2,2019-01-09,,https://www.livelifeaberdeenshire.org.uk/media/2808/mobile-north-timetable-160119.pdf
Aberdeenshire Council,North,North Weeks 1 & 3 Wednesday,Maud,The Haven,"The Haven, Maud",,-2.1274105,57.5219039,Wednesday,14:50,15:10,FREQ=WEEKLY;INTERVAL=2,2019-01-09,,https://www.livelifeaberdeenshire.org.uk/media/2808/mobile-north-timetable-160119.pdf
Aberdeenshire Council,North,North Weeks 1 & 3 Wednesday,Maud,Deer Road,"Deer Road, Maud",,-2.1279214,57.521670400000005,Wednesday,15:15,15:45,FREQ=WEEKLY;INTERVAL=2,2019-01-09,,https://www.livelifeaberdeenshire.org.uk/media/2808/mobile-north-timetable-160119.pdf
Aberdeenshire Council,North,North Weeks 1 & 3 Wednesday,Maud,John Morrison Crescent,"John Morrison Crescent, Maud",,-2.128847,57.5223427,Wednesday,15:50,16:10,FREQ=WEEKLY;INTERVAL=2,2019-01-09,,https://www.livelifeaberdeenshire.org.uk/media/2808/mobile-north-timetable-160119.pdf
Aberdeenshire Council,North,North Weeks 1 & 3 Thursday,Hatton,"Eastmoss Cottage, Bridgend","Eastmoss Cottage, Bridgend, Hatton",,-1.8850787,57.4227963,Thursday,08:45,09:10,FREQ=WEEKLY;INTERVAL=2,2019-01-10,,https://www.livelifeaberdeenshire.org.uk/media/2808/mobile-north-timetable-160119.pdf
Aberdeenshire Council,North,North Weeks 1 & 3 Thursday,Longhaven,Joiners Cottage,"Joiners Cottage, Longhaven",,-1.8296799,57.4450233,Thursday,09:10,09:20,FREQ=WEEKLY;INTERVAL=2,2019-01-10,,https://www.livelifeaberdeenshire.org.uk/media/2808/mobile-north-timetable-160119.pdf
Aberdeenshire Council,North,North Weeks 1 & 3 Thursday,Longhaven,Havensburgh Cottages,"Havensburgh Cottages, Longhaven",,-1.8306026,57.445667,Thursday,09:20,09:30,FREQ=WEEKLY;INTERVAL=2,2019-01-10,,https://www.livelifeaberdeenshire.org.uk/media/2808/mobile-north-timetable-160119.pdf
Aberdeenshire Council,North,North Weeks 1 & 3 Thursday,Collieston,Whiteness Cottages,"Whiteness Cottages, Collieston",,-1.9371249,57.3463762,Thursday,09:45,10:10,FREQ=WEEKLY;INTERVAL=2,2019-01-10,,https://www.livelifeaberdeenshire.org.uk/media/2808/mobile-north-timetable-160119.pdf
Aberdeenshire Council,North,North Weeks 1 & 3 Thursday,Collieston,The Old Post Office,"The Old Post Office, Collieston",,-1.9357945,57.3481707,Thursday,10:15,10:25,FREQ=WEEKLY;INTERVAL=2,2019-01-10,,https://www.livelifeaberdeenshire.org.uk/media/2808/mobile-north-timetable-160119.pdf
Aberdeenshire Council,North,North Weeks 1 & 3 Thursday,Cruden,Whinnyfold Hamlet,"Whinnyfold Hamlet, Cruden",,-1.8490049000000002,57.417537599999996,Thursday,10:45,11:05,FREQ=WEEKLY;INTERVAL=2,2019-01-10,,https://www.livelifeaberdeenshire.org.uk/media/2808/mobile-north-timetable-160119.pdf
Aberdeenshire Council,North,North Weeks 1 & 3 Thursday,Hatton,Playgroup,"Playgroup, Hatton",,-1.9132183000000396,57.4235535,Thursday,11:30,12:00,FREQ=WEEKLY;INTERVAL=2,2019-01-10,,https://www.livelifeaberdeenshire.org.uk/media/2808/mobile-north-timetable-160119.pdf
Aberdeenshire Council,North,North Weeks 1 & 3 Thursday,Hatton,Mill Inn,"Mill Inn, Hatton",,-1.9165236,57.4251715,Thursday,13:00,13:15,FREQ=WEEKLY;INTERVAL=2,2019-01-10,,https://www.livelifeaberdeenshire.org.uk/media/2808/mobile-north-timetable-160119.pdf
Aberdeenshire Council,North,North Weeks 1 & 3 Thursday,Hatton,Hatton Farm Gardens,"Hatton Farm Gardens, Hatton",,-1.913692,57.42747929999999,Thursday,13:20,13:40,FREQ=WEEKLY;INTERVAL=2,2019-01-10,,https://www.livelifeaberdeenshire.org.uk/media/2808/mobile-north-timetable-160119.pdf
Aberdeenshire Council,North,North Weeks 1 & 3 Thursday,Hatton,Quarry Road,"Quarry Road, Hatton",,-1.9137103999999996,57.42669780000001,Thursday,13:45,14:00,FREQ=WEEKLY;INTERVAL=2,2019-01-10,,https://www.livelifeaberdeenshire.org.uk/media/2808/mobile-north-timetable-160119.pdf
Aberdeenshire Council,North,North Weeks 1 & 3 Thursday,Hatton,Main Street,"Main Street, Hatton",,-1.9248877999999998,57.4248006,Thursday,14:05,14:30,FREQ=WEEKLY;INTERVAL=2,2019-01-10,,https://www.livelifeaberdeenshire.org.uk/media/2808/mobile-north-timetable-160119.pdf
Aberdeenshire Council,North,North Weeks 2 & 4 Monday,Brucklay Fedderate,"Schoolhouse, Whitehill","Schoolhouse, Whitehill, Brucklay Fedderate",,-2.1720476,57.5494322,Monday,09:00,09:15,FREQ=WEEKLY;INTERVAL=2,2019-01-14,,https://www.livelifeaberdeenshire.org.uk/media/2808/mobile-north-timetable-160119.pdf
Aberdeenshire Council,North,North Weeks 2 & 4 Monday,Brucklay Fedderate,Bridgefoot of Ironside Cottage,"Bridgefoot of Ironside Cottage, Brucklay Fedderate",,-2.1847382,57.5450583,Monday,09:15,09:30,FREQ=WEEKLY;INTERVAL=2,2019-01-14,,https://www.livelifeaberdeenshire.org.uk/media/2808/mobile-north-timetable-160119.pdf
Aberdeenshire Council,North,North Weeks 2 & 4 Monday,Brucklay Fedderate,Loanhead Farm,"Loanhead Farm, Brucklay Fedderate",,-2.1897121,57.5380332,Monday,09:35,10:00,FREQ=WEEKLY;INTERVAL=2,2019-01-14,,https://www.livelifeaberdeenshire.org.uk/media/2808/mobile-north-timetable-160119.pdf
Aberdeenshire Council,North,North Weeks 2 & 4 Monday,Brucklay Fedderate,Loanhead of Stevensburn,"Loanhead of Stevensburn, Brucklay Fedderate",,-2.2281641,57.536487,Monday,10:05,10:20,FREQ=WEEKLY;INTERVAL=2,2019-01-14,,https://www.livelifeaberdeenshire.org.uk/media/2808/mobile-north-timetable-160119.pdf
Aberdeenshire Council,North,North Weeks 2 & 4 Monday,New Byth,Bridge Street,"Bridge Street, New Byth",,-2.2986548000000084,57.57351589999999,Monday,10:50,11:00,FREQ=WEEKLY;INTERVAL=2,2019-01-14,,https://www.livelifeaberdeenshire.org.uk/media/2808/mobile-north-timetable-160119.pdf
Aberdeenshire Council,North,North Weeks 2 & 4 Monday,Crudie,Sunnybank Cottages,"Sunnybank Cottages, Crudie",,-2.3409131,57.6051728,Monday,11:15,11:30,FREQ=WEEKLY;INTERVAL=2,2019-01-14,,https://www.livelifeaberdeenshire.org.uk/media/2808/mobile-north-timetable-160119.pdf
Aberdeenshire Council,North,North Weeks 2 & 4 Monday,Crudie,Playgroup,"Playgroup, Crudie",,-2.3395141,57.6053623,Monday,11:40,12:00,FREQ=WEEKLY;INTERVAL=2,2019-01-14,,https://www.livelifeaberdeenshire.org.uk/media/2808/mobile-north-timetable-160119.pdf
Aberdeenshire Council,North,North Weeks 2 & 4 Monday,Old Deer,Abbey Street,"Abbey Street, Old Deer",,-2.0404359,57.5198246,Monday,13:00,13:15,FREQ=WEEKLY;INTERVAL=2,2019-01-14,,https://www.livelifeaberdeenshire.org.uk/media/2808/mobile-north-timetable-160119.pdf
Aberdeenshire Council,North,North Weeks 2 & 4 Monday,Stuartfield,Burnett Street,"Burnett Street, Stuartfield",,-2.0458598,57.5051184,Monday,13:20,13:35,FREQ=WEEKLY;INTERVAL=2,2019-01-14,,https://www.livelifeaberdeenshire.org.uk/media/2808/mobile-north-timetable-160119.pdf
Aberdeenshire Council,North,North Weeks 2 & 4 Monday,Stuartfield,Crichie Court,"Crichie Court, Stuartfield",,-2.0504539,57.5021288,Monday,13:35,14:00,FREQ=WEEKLY;INTERVAL=2,2019-01-14,,https://www.livelifeaberdeenshire.org.uk/media/2808/mobile-north-timetable-160119.pdf
Aberdeenshire Council,North,North Weeks 2 & 4 Monday,Stuartfield,The Square,"The Square, Stuartfield",,-2.0457738,57.5031962,Monday,14:00,14:30,FREQ=WEEKLY;INTERVAL=2,2019-01-14,,https://www.livelifeaberdeenshire.org.uk/media/2808/mobile-north-timetable-160119.pdf
Aberdeenshire Council,North,North Weeks 2 & 4 Monday,Longside,Burgess Drive,"Burgess Drive, Longside",,-1.9434832999999998,57.514141699999996,Monday,14:50,15:05,FREQ=WEEKLY;INTERVAL=2,2019-01-14,,https://www.livelifeaberdeenshire.org.uk/media/2808/mobile-north-timetable-160119.pdf
Aberdeenshire Council,North,North Weeks 2 & 4 Monday,Longside,Station Road,"Station Road, Longside",,-1.9399553999999997,57.517787,Monday,15:10,15:25,FREQ=WEEKLY;INTERVAL=2,2019-01-14,,https://www.livelifeaberdeenshire.org.uk/media/2808/mobile-north-timetable-160119.pdf
Aberdeenshire Council,North,North Weeks 2 & 4 Monday,Longside,Station Place,"Station Place, Longside",,-1.9353069,57.52206030000001,Monday,15:30,15:40,FREQ=WEEKLY;INTERVAL=2,2019-01-14,,https://www.livelifeaberdeenshire.org.uk/media/2808/mobile-north-timetable-160119.pdf
Aberdeenshire Council,North,North Weeks 2 & 4 Tuesday,Glenbarry,Trevona,"Trevona, Glenbarry",,-2.7425806,57.5823582,Tuesday,10:00,10:15,FREQ=WEEKLY;INTERVAL=2,2019-01-15,,https://www.livelifeaberdeenshire.org.uk/media/2808/mobile-north-timetable-160119.pdf
Aberdeenshire Council,North,North Weeks 2 & 4 Tuesday,Ordiquhill,Hillside,"Hillside, Ordiquhill",,-2.7286195,57.597804,Tuesday,10:30,10:50,FREQ=WEEKLY;INTERVAL=2,2019-01-15,,https://www.livelifeaberdeenshire.org.uk/media/2808/mobile-north-timetable-160119.pdf
Aberdeenshire Council,North,North Weeks 2 & 4 Tuesday,Fordyce,The Square,"The Square, Fordyce",,-2.7466022,57.6621092,Tuesday,11:20,11:35,FREQ=WEEKLY;INTERVAL=2,2019-01-15,,https://www.livelifeaberdeenshire.org.uk/media/2808/mobile-north-timetable-160119.pdf
Aberdeenshire Council,North,North Weeks 2 & 4 Tuesday,Fordyce,Pitchaldie Place,"Pitchaldie Place, Fordyce",,-2.7490476,57.661825,Tuesday,11:40,11:50,FREQ=WEEKLY;INTERVAL=2,2019-01-15,,https://www.livelifeaberdeenshire.org.uk/media/2808/mobile-north-timetable-160119.pdf
Aberdeenshire Council,North,North Weeks 2 & 4 Tuesday,Sandend,Seaview Road 1,"Seaview Road 1, Sandend",,-2.7496498,57.6808466,Tuesday,12:35,12:50,FREQ=WEEKLY;INTERVAL=2,2019-01-15,,https://www.livelifeaberdeenshire.org.uk/media/2808/mobile-north-timetable-160119.pdf
Aberdeenshire Council,North,North Weeks 2 & 4 Tuesday,Sandend,Seaview Road 2,"Seaview Road 2, Sandend",,-2.749039400000015,57.6823838,Tuesday,12:55,13:05,FREQ=WEEKLY;INTERVAL=2,2019-01-15,,https://www.livelifeaberdeenshire.org.uk/media/2808/mobile-north-timetable-160119.pdf
Aberdeenshire Council,North,North Weeks 2 & 4 Tuesday,King Edward,Foulzie Villa,"Foulzie Villa, King Edward",,-2.4781704,57.6279615,Tuesday,13:45,14:00,FREQ=WEEKLY;INTERVAL=2,2019-01-15,,https://www.livelifeaberdeenshire.org.uk/media/2808/mobile-north-timetable-160119.pdf
Aberdeenshire Council,North,North Weeks 2 & 4 Wednesday,Auchterless,Playgroup,"Playgroup, Auchterless",,-2.4839096,57.4607822,Wednesday,09:45,10:00,FREQ=WEEKLY;INTERVAL=2,2019-01-16,,https://www.livelifeaberdeenshire.org.uk/media/2808/mobile-north-timetable-160119.pdf
Aberdeenshire Council,North,North Weeks 2 & 4 Wednesday,Auchterless,School,"School, Auchterless",,-2.4801382,57.4633151,Wednesday,10:05,10:30,FREQ=WEEKLY;INTERVAL=2,2019-01-16,,https://www.livelifeaberdeenshire.org.uk/media/2808/mobile-north-timetable-160119.pdf
Aberdeenshire Council,North,North Weeks 2 & 4 Wednesday,Auchterless,Manse,"Manse, Auchterless",,-2.4796052,57.4646528,Wednesday,10:35,10:50,FREQ=WEEKLY;INTERVAL=2,2019-01-16,,https://www.livelifeaberdeenshire.org.uk/media/2808/mobile-north-timetable-160119.pdf
Aberdeenshire Council,North,North Weeks 2 & 4 Wednesday,Fyvie,Leith Drive,"Leith Drive, Fyvie",,-2.3932283,57.4307766,Wednesday,11:10,11:25,FREQ=WEEKLY;INTERVAL=2,2019-01-16,,https://www.livelifeaberdeenshire.org.uk/media/2808/mobile-north-timetable-160119.pdf
Aberdeenshire Council,North,North Weeks 2 & 4 Wednesday,Fyvie,Playgroup,"Playgroup, Fyvie",,-2.3915462,57.4326549,Wednesday,11:30,11:50,FREQ=WEEKLY;INTERVAL=2,2019-01-16,,https://www.livelifeaberdeenshire.org.uk/media/2808/mobile-north-timetable-160119.pdf
Aberdeenshire Council,North,North Weeks 2 & 4 Wednesday,Fyvie,School Road,"School Road, Fyvie",,-2.3918738,57.4321893,Wednesday,12:15,12:35,FREQ=WEEKLY;INTERVAL=2,2019-01-16,,https://www.livelifeaberdeenshire.org.uk/media/2808/mobile-north-timetable-160119.pdf
Aberdeenshire Council,North,North Weeks 2 & 4 Wednesday,Millbrex Area,Blackhillock,"Blackhillock, Millbrex Area",,-2.3035778,57.4705243,Wednesday,13:15,13:25,FREQ=WEEKLY;INTERVAL=2,2019-01-16,,https://www.livelifeaberdeenshire.org.uk/media/2808/mobile-north-timetable-160119.pdf
Aberdeenshire Council,North,North Weeks 2 & 4 Wednesday,Lethenty Area,Stonehouse Smiddy,"Stonehouse Smiddy, Lethenty Area",,-2.2912471,57.4515286,Wednesday,13:45,14:00,FREQ=WEEKLY;INTERVAL=2,2019-01-16,,https://www.livelifeaberdeenshire.org.uk/media/2808/mobile-north-timetable-160119.pdf
Aberdeenshire Council,North,North Weeks 2 & 4 Wednesday,Methlick,Fyvie Road,"Fyvie Road, Methlick",,-2.2421777,57.4306014,Wednesday,14:15,14:30,FREQ=WEEKLY;INTERVAL=2,2019-01-16,,https://www.livelifeaberdeenshire.org.uk/media/2808/mobile-north-timetable-160119.pdf
Aberdeenshire Council,North,North Weeks 2 & 4 Wednesday,Methlick,Beaton Hall,"Beaton Hall, Methlick",,-2.2424478,57.4276357,Wednesday,14:45,14:50,FREQ=WEEKLY;INTERVAL=2,2019-01-16,,https://www.livelifeaberdeenshire.org.uk/media/2808/mobile-north-timetable-160119.pdf
Aberdeenshire Council,North,North Weeks 2 & 4 Wednesday,Methlick,Kirkton,"Kirkton, Methlick",,-2.2363271,57.423528,Wednesday,14:55,15:10,FREQ=WEEKLY;INTERVAL=2,2019-01-16,,https://www.livelifeaberdeenshire.org.uk/media/2808/mobile-north-timetable-160119.pdf
Aberdeenshire Council,North,North Weeks 2 & 4 Wednesday,Tarves,"Haddo Estate, Thornroan Cottages","Haddo Estate, Thornroan Cottages, Tarves",,-2.226524,57.3853949,Wednesday,15:25,15:45,FREQ=WEEKLY;INTERVAL=2,2019-01-16,,https://www.livelifeaberdeenshire.org.uk/media/2808/mobile-north-timetable-160119.pdf
Aberdeenshire Council,North,North Weeks 2 & 4 Wednesday,Tarves,Hanover Court,"Hanover Court, Tarves",,-2.223953,57.3721444,Wednesday,16:00,16:30,FREQ=WEEKLY;INTERVAL=2,2019-01-16,,https://www.livelifeaberdeenshire.org.uk/media/2808/mobile-north-timetable-160119.pdf
Aberdeenshire Council,North,North Weeks 2 & 4 Wednesday,Tarves,The Square,"The Square, Tarves",,-2.2212058,57.3710309,Wednesday,16:30,17:00,FREQ=WEEKLY;INTERVAL=2,2019-01-16,,https://www.livelifeaberdeenshire.org.uk/media/2808/mobile-north-timetable-160119.pdf
Aberdeenshire Council,North,North Weeks 2 & 4 Thursday,Ruthven,Cainima,"Cainima, Ruthven",,-2.8121383,57.5099495,Thursday,10:00,10:15,FREQ=WEEKLY;INTERVAL=2,2019-01-17,,https://www.livelifeaberdeenshire.org.uk/media/2808/mobile-north-timetable-160119.pdf
Aberdeenshire Council,North,North Weeks 2 & 4 Thursday,Ruthven,Auchanachie ,"Auchanachie , Ruthven",,-2.8390145,57.5089237,Thursday,10:20,10:35,FREQ=WEEKLY;INTERVAL=2,2019-01-17,,https://www.livelifeaberdeenshire.org.uk/media/2808/mobile-north-timetable-160119.pdf
Aberdeenshire Council,North,North Weeks 2 & 4 Thursday,Gartly Area,Crimond,"Crimond, Gartly Area",,-2.7644993,57.4068094,Thursday,11:05,11:20,FREQ=WEEKLY;INTERVAL=2,2019-01-17,,https://www.livelifeaberdeenshire.org.uk/media/2808/mobile-north-timetable-160119.pdf
Aberdeenshire Council,North,North Weeks 2 & 4 Thursday,Forgue Area,Loanhead Cottages,"Loanhead Cottages, Forgue Area",,-2.6969046,57.4441577,Thursday,11:30,11:50,FREQ=WEEKLY;INTERVAL=2,2019-01-17,,https://www.livelifeaberdeenshire.org.uk/media/2808/mobile-north-timetable-160119.pdf
Aberdeenshire Council,North,North Weeks 2 & 4 Thursday,Forgue Area,Conzie,"Conzie, Forgue Area",,-2.676916,57.4899526,Thursday,12:05,12:25,FREQ=WEEKLY;INTERVAL=2,2019-01-17,,https://www.livelifeaberdeenshire.org.uk/media/2808/mobile-north-timetable-160119.pdf
Aberdeenshire Council,North,North Weeks 2 & 4 Thursday,Bridge of Marnoch,Muriel House Terrace,"Muriel House Terrace, Bridge of Marnoch",,-2.6633131,57.5377773,Thursday,13:20,13:40,FREQ=WEEKLY;INTERVAL=2,2019-01-17,,https://www.livelifeaberdeenshire.org.uk/media/2808/mobile-north-timetable-160119.pdf
Aberdeenshire Council,North,North Weeks 2 & 4 Thursday,Forgue Area,Myreside,"Myreside, Forgue Area",,-2.6563507,57.5430182,Thursday,13:45,14:00,FREQ=WEEKLY;INTERVAL=2,2019-01-17,,https://www.livelifeaberdeenshire.org.uk/media/2808/mobile-north-timetable-160119.pdf
Aberdeenshire Council,North,North Weeks 2 & 4 Thursday,Largue,School,"School, Largue",,-2.601259099999993,57.4641333,Thursday,14:15,14:40,FREQ=WEEKLY;INTERVAL=2,2019-01-17,,https://www.livelifeaberdeenshire.org.uk/media/2808/mobile-north-timetable-160119.pdf
Aberdeenshire Council,North,North Weeks 2 & 4 Thursday,Largue,Largue Cottages,"Largue Cottages, Largue",,-2.5995425,57.4645718,Thursday,14:45,15:00,FREQ=WEEKLY;INTERVAL=2,2019-01-17,,https://www.livelifeaberdeenshire.org.uk/media/2808/mobile-north-timetable-160119.pdf
Aberdeenshire Council,North,North Weeks 2 & 4 Thursday,Muiresk,Combsburn,"Combsburn, Muiresk",,-2.5117954,57.5271957,Thursday,15:30,16:00,FREQ=WEEKLY;INTERVAL=2,2019-01-17,,https://www.livelifeaberdeenshire.org.uk/media/2808/mobile-north-timetable-160119.pdf
Aberdeenshire Council,Central,Central Weeks 1 & 3 Monday,Kirkton of Skene,Kirkton Mews,"Kirkton Mews, Kirkton of Skene",,-2.32358,57.15694,Monday,09:40,09:55,FREQ=WEEKLY;INTERVAL=2,2019-01-21,,https://www.livelifeaberdeenshire.org.uk/media/2807/mobile-central-timetable-160119.pdf
Aberdeenshire Council,Central,Central Weeks 1 & 3 Monday,Kirkton of Skene,Glebeland ,"Glebeland , Kirkton of Skene",,-2.3266584,57.1612448,Monday,10:15,10:35,FREQ=WEEKLY;INTERVAL=2,2019-01-21,,https://www.livelifeaberdeenshire.org.uk/media/2807/mobile-central-timetable-160119.pdf
Aberdeenshire Council,Central,Central Weeks 1 & 3 Monday,Dunecht Area,Woodside Cottage,"Woodside Cottage, Dunecht Area",,-2.3483373,57.1503244,Monday,10:50,11:05,FREQ=WEEKLY;INTERVAL=2,2019-01-21,,https://www.livelifeaberdeenshire.org.uk/media/2807/mobile-central-timetable-160119.pdf
Aberdeenshire Council,Central,Central Weeks 1 & 3 Monday,Dunecht Area,Craigiedarg Cottage,"Craigiedarg Cottage, Dunecht Area",,-2.3908604,57.1690091,Monday,11:15,11:25,FREQ=WEEKLY;INTERVAL=2,2019-01-21,,https://www.livelifeaberdeenshire.org.uk/media/2807/mobile-central-timetable-160119.pdf
Aberdeenshire Council,Central,Central Weeks 1 & 3 Monday,Echt,Hall,"Hall, Echt",,-2.4330809,57.1409912,Monday,11:45,12:15,FREQ=WEEKLY;INTERVAL=2,2019-01-21,,https://www.livelifeaberdeenshire.org.uk/media/2807/mobile-central-timetable-160119.pdf
Aberdeenshire Council,Central,Central Weeks 1 & 3 Monday,Echt,Nether Mains Court,"Nether Mains Court, Echt",,-2.4337213,57.1421083,Monday,12:30,13:00,FREQ=WEEKLY;INTERVAL=2,2019-01-21,,https://www.livelifeaberdeenshire.org.uk/media/2807/mobile-central-timetable-160119.pdf
Aberdeenshire Council,Central,Central Weeks 1 & 3 Monday,Dunecht Area,Culfossie Farm,"Culfossie Farm, Dunecht Area",,-2.4307394,57.1572956,Monday,13:20,13:45,FREQ=WEEKLY;INTERVAL=2,2019-01-21,,https://www.livelifeaberdeenshire.org.uk/media/2807/mobile-central-timetable-160119.pdf
Aberdeenshire Council,Central,Central Weeks 1 & 3 Monday,Dunecht Area,North Lodge,"North Lodge, Dunecht Area",,-2.4072562,57.1717592,Monday,14:45,15:00,FREQ=WEEKLY;INTERVAL=2,2019-01-21,,https://www.livelifeaberdeenshire.org.uk/media/2807/mobile-central-timetable-160119.pdf
Aberdeenshire Council,Central,Central Weeks 1 & 3 Monday,Dunecht Area,Estate Office,"Estate Office, Dunecht Area",,-2.4143828,57.1725323,Monday,15:05,15:30,FREQ=WEEKLY;INTERVAL=2,2019-01-21,,https://www.livelifeaberdeenshire.org.uk/media/2807/mobile-central-timetable-160119.pdf
Aberdeenshire Council,Central,Central Weeks 1 & 3 Monday,Lyne of Skene,Village (Top of Letter Road),"Village (Top of Letter Road), Lyne of Skene",,-2.3910662,57.1850923,Monday,15:45,16:05,FREQ=WEEKLY;INTERVAL=2,2019-01-21,,https://www.livelifeaberdeenshire.org.uk/media/2807/mobile-central-timetable-160119.pdf
Aberdeenshire Council,Central,Central Weeks 1 & 3 Tuesday,Tillycorthie Area,Briglee Cottage,"Briglee Cottage, Tillycorthie Area",,-2.1613588,57.299952,Tuesday,11:00,11:15,FREQ=WEEKLY;INTERVAL=2,2019-01-22,,https://www.livelifeaberdeenshire.org.uk/media/2807/mobile-central-timetable-160119.pdf
Aberdeenshire Council,Central,Central Weeks 1 & 3 Tuesday,Cultercullen,Wellpark Cottage,"Wellpark Cottage, Cultercullen",,-2.1294248,57.3071748,Tuesday,11:40,12:00,FREQ=WEEKLY;INTERVAL=2,2019-01-22,,https://www.livelifeaberdeenshire.org.uk/media/2807/mobile-central-timetable-160119.pdf
Aberdeenshire Council,Central,Central Weeks 1 & 3 Tuesday,Udny Station,Arn Place,"Arn Place, Udny Station",,-2.1546851,57.3098041,Tuesday,12:15,12:40,FREQ=WEEKLY;INTERVAL=2,2019-01-22,,https://www.livelifeaberdeenshire.org.uk/media/2807/mobile-central-timetable-160119.pdf
Aberdeenshire Council,Central,Central Weeks 1 & 3 Tuesday,Udny Green Area,Mill of Fechel,"Mill of Fechel, Udny Green Area",,-2.2195442,57.3184234,Tuesday,13:00,13:15,FREQ=WEEKLY;INTERVAL=2,2019-01-22,,https://www.livelifeaberdeenshire.org.uk/media/2807/mobile-central-timetable-160119.pdf
Aberdeenshire Council,Central,Central Weeks 1 & 3 Tuesday,Udny Green,"Opposite Old Library, Green","Opposite Old Library, Green, Udny Green",,-2.2012194,57.3278041,Tuesday,14:05,14:20,FREQ=WEEKLY;INTERVAL=2,2019-01-22,,https://www.livelifeaberdeenshire.org.uk/media/2807/mobile-central-timetable-160119.pdf
Aberdeenshire Council,Central,Central Weeks 1 & 3 Tuesday,Pitmedden,"Community Car Park, School","Community Car Park, School, Pitmedden",,-2.1809101,57.337827,Tuesday,15:10,16:10,FREQ=WEEKLY;INTERVAL=2,2019-01-22,,https://www.livelifeaberdeenshire.org.uk/media/2807/mobile-central-timetable-160119.pdf
Aberdeenshire Council,Central,Central Weeks 1 & 3 Wednesday,Blackdog,Banbury Cross Nursery,"Banbury Cross Nursery, Blackdog",,-2.0695416,57.2170357,Wednesday,10:00,10:30,FREQ=WEEKLY;INTERVAL=2,2019-01-09,,https://www.livelifeaberdeenshire.org.uk/media/2807/mobile-central-timetable-160119.pdf
Aberdeenshire Council,Central,Central Weeks 1 & 3 Wednesday,Belhelvie Area,Bogroy (A90) opp Delfriggs Smiddy,"Bogroy (A90) opp Delfriggs Smiddy, Belhelvie Area",,-2.0524407,57.2807451,Wednesday,10:45,11:00,FREQ=WEEKLY;INTERVAL=2,2019-01-09,,https://www.livelifeaberdeenshire.org.uk/media/2807/mobile-central-timetable-160119.pdf
Aberdeenshire Council,Central,Central Weeks 1 & 3 Wednesday,Belhelvie Area,Westfield,"Westfield, Belhelvie Area",,-2.0921656,57.2769081,Wednesday,11:10,11:20,FREQ=WEEKLY;INTERVAL=2,2019-01-09,,https://www.livelifeaberdeenshire.org.uk/media/2807/mobile-central-timetable-160119.pdf
Aberdeenshire Council,Central,Central Weeks 1 & 3 Wednesday,Belhelvie,Scott Grove,"Scott Grove, Belhelvie",,-2.0868154,57.2506002,Wednesday,11:40,12:00,FREQ=WEEKLY;INTERVAL=2,2019-01-09,,https://www.livelifeaberdeenshire.org.uk/media/2807/mobile-central-timetable-160119.pdf
Aberdeenshire Council,Central,Central Weeks 1 & 3 Wednesday,Potterton,Kirkhill Road,"Kirkhill Road, Potterton",,-2.101815,57.2335622,Wednesday,13:30,14:00,FREQ=WEEKLY;INTERVAL=2,2019-01-09,,https://www.livelifeaberdeenshire.org.uk/media/2807/mobile-central-timetable-160119.pdf
Aberdeenshire Council,Central,Central Weeks 1 & 3 Wednesday,Potterton,Denview Road,"Denview Road, Potterton",,-2.0878146,57.2306768,Wednesday,14:10,14:30,FREQ=WEEKLY;INTERVAL=2,2019-01-09,,https://www.livelifeaberdeenshire.org.uk/media/2807/mobile-central-timetable-160119.pdf
Aberdeenshire Council,Central,Central Weeks 1 & 3 Wednesday,Newburgh,Main Street,"Main Street, Newburgh",,-2.0033828,57.3176567,Wednesday,14:50,15:50,FREQ=WEEKLY;INTERVAL=2,2019-01-09,,https://www.livelifeaberdeenshire.org.uk/media/2807/mobile-central-timetable-160119.pdf
Aberdeenshire Council,Central,Central Weeks 1 & 3 Thursday,Midmar Area,Midmar Hall,"Midmar Hall, Midmar Area",,-2.5216344,57.1613663,Thursday,10:00,10:30,FREQ=WEEKLY;INTERVAL=2,2019-01-10,,https://www.livelifeaberdeenshire.org.uk/media/2807/mobile-central-timetable-160119.pdf
Aberdeenshire Council,Central,Central Weeks 1 & 3 Thursday,Midmar Area,Cartars Croft,"Cartars Croft, Midmar Area",,-2.5165163,57.1617418,Thursday,10:40,11:00,FREQ=WEEKLY;INTERVAL=2,2019-01-10,,https://www.livelifeaberdeenshire.org.uk/media/2807/mobile-central-timetable-160119.pdf
Aberdeenshire Council,Central,Central Weeks 1 & 3 Thursday,Sauchen Area,Bracadale,"Bracadale, Sauchen Area",,-2.5393276,57.1838792,Thursday,11:30,11:50,FREQ=WEEKLY;INTERVAL=2,2019-01-10,,https://www.livelifeaberdeenshire.org.uk/media/2807/mobile-central-timetable-160119.pdf
Aberdeenshire Council,Central,Central Weeks 1 & 3 Thursday,Cluny,Cluny Home Farm,"Cluny Home Farm, Cluny",,-2.5214254,57.1981952,Thursday,12:10,12:30,FREQ=WEEKLY;INTERVAL=2,2019-01-10,,https://www.livelifeaberdeenshire.org.uk/media/2807/mobile-central-timetable-160119.pdf
Aberdeenshire Council,Central,Central Weeks 1 & 3 Thursday,Blairdaff Area,West Blairdaff,"West Blairdaff, Blairdaff Area",,-2.505833,57.248942,Thursday,14:30,14:50,FREQ=WEEKLY;INTERVAL=2,2019-01-10,,https://www.livelifeaberdeenshire.org.uk/media/2807/mobile-central-timetable-160119.pdf
Aberdeenshire Council,Central,Central Weeks 1 & 3 Thursday,Blairdaff Area,Burnhervie,"Burnhervie, Blairdaff Area",,-2.449273,57.2653526,Thursday,15:10,15:30,FREQ=WEEKLY;INTERVAL=2,2019-01-10,,https://www.livelifeaberdeenshire.org.uk/media/2807/mobile-central-timetable-160119.pdf
Aberdeenshire Council,Central,Central Weeks 2 & 4 Monday,Fintray,Village Community Hall,"Village Community Hall, Fintray",,-2.2655845,57.2382423,Monday,09:30,10:10,FREQ=WEEKLY;INTERVAL=2,2019-01-14,,https://www.livelifeaberdeenshire.org.uk/media/2807/mobile-central-timetable-160119.pdf
Aberdeenshire Council,Central,Central Weeks 2 & 4 Monday,Fintray Area,Newlands Farm,"Newlands Farm, Fintray Area",,-2.2763951,57.2517584,Monday,10:30,10:50,FREQ=WEEKLY;INTERVAL=2,2019-01-14,,https://www.livelifeaberdeenshire.org.uk/media/2807/mobile-central-timetable-160119.pdf
Aberdeenshire Council,Central,Central Weeks 2 & 4 Monday,Fintray Area,Norwood,"Norwood, Fintray Area",,-2.2937455,57.2635053,Monday,11:10,11:25,FREQ=WEEKLY;INTERVAL=2,2019-01-14,,https://www.livelifeaberdeenshire.org.uk/media/2807/mobile-central-timetable-160119.pdf
Aberdeenshire Council,Central,Central Weeks 2 & 4 Monday,Fintray Area,Newplace nr Keithall,"Newplace nr Keithall, Fintray Area",,-2.29422,57.27688,Monday,11:45,12:00,FREQ=WEEKLY;INTERVAL=2,2019-01-14,,https://www.livelifeaberdeenshire.org.uk/media/2807/mobile-central-timetable-160119.pdf
Aberdeenshire Council,Central,Central Weeks 2 & 4 Monday,Fintray Area,Crownhead Farm,"Crownhead Farm, Fintray Area",,-2.28169,57.28586,Monday,12:10,12:25,FREQ=WEEKLY;INTERVAL=2,2019-01-14,,https://www.livelifeaberdeenshire.org.uk/media/2807/mobile-central-timetable-160119.pdf
Aberdeenshire Council,Central,Central Weeks 2 & 4 Monday,Fintray Area,Tillykeirie Farm,"Tillykeirie Farm, Fintray Area",,-2.27923,57.28147,Monday,12:35,12:50,FREQ=WEEKLY;INTERVAL=2,2019-01-14,,https://www.livelifeaberdeenshire.org.uk/media/2807/mobile-central-timetable-160119.pdf
Aberdeenshire Council,Central,Central Weeks 2 & 4 Monday,Kintore,Wee Rascals Nursery 1,"Wee Rascals Nursery 1, Kintore",,-2.34583,57.22477,Monday,13:30,14:00,FREQ=WEEKLY;INTERVAL=2,2019-01-14,,https://www.livelifeaberdeenshire.org.uk/media/2807/mobile-central-timetable-160119.pdf
Aberdeenshire Council,Central,Central Weeks 2 & 4 Monday,Kintore,Wee Rascals Nursery 2,"Wee Rascals Nursery 2, Kintore",,-2.34526,57.22421,Monday,14:10,14:40,FREQ=WEEKLY;INTERVAL=2,2019-01-14,,https://www.livelifeaberdeenshire.org.uk/media/2807/mobile-central-timetable-160119.pdf
Aberdeenshire Council,Central,Central Weeks 2 & 4 Monday,Blackburn,Cherry Trees Nursery,"Cherry Trees Nursery, Blackburn",,-2.29171,57.20305,Monday,15:00,15:35,FREQ=WEEKLY;INTERVAL=2,2019-01-14,,https://www.livelifeaberdeenshire.org.uk/media/2807/mobile-central-timetable-160119.pdf
Aberdeenshire Council,Central,Central Weeks 2 & 4 Monday,Blackburn,Craig Gardens,"Craig Gardens, Blackburn",,-2.2841851,57.2038195,Monday,15:50,16:15,FREQ=WEEKLY;INTERVAL=2,2019-01-14,,https://www.livelifeaberdeenshire.org.uk/media/2807/mobile-central-timetable-160119.pdf
Aberdeenshire Council,Central,Central Weeks 2 & 4 Tuesday,Kingseat,Flowerpots Nursery,"Flowerpots Nursery, Kingseat",,-2.1564018,57.2616185,Tuesday,09:45,10:15,FREQ=WEEKLY;INTERVAL=2,2019-01-15,,https://www.livelifeaberdeenshire.org.uk/media/2807/mobile-central-timetable-160119.pdf
Aberdeenshire Council,Central,Central Weeks 2 & 4 Tuesday,Kingseat,Alexander Avenue,"Alexander Avenue, Kingseat",,-2.1605015,57.2601601,Tuesday,10:45,11:25,FREQ=WEEKLY;INTERVAL=2,2019-01-15,,https://www.livelifeaberdeenshire.org.uk/media/2807/mobile-central-timetable-160119.pdf
Aberdeenshire Council,Central,Central Weeks 2 & 4 Tuesday,Newmachar,Scout Hall,"Scout Hall, Newmachar",,-2.1827215,57.262087,Tuesday,11:45,12:20,FREQ=WEEKLY;INTERVAL=2,2019-01-15,,https://www.livelifeaberdeenshire.org.uk/media/2807/mobile-central-timetable-160119.pdf
Aberdeenshire Council,Central,Central Weeks 2 & 4 Tuesday,Parkhill Area,Clewiston,"Clewiston, Parkhill Area",,-2.15244,57.22957,Tuesday,12:35,12:55,FREQ=WEEKLY;INTERVAL=2,2019-01-15,,https://www.livelifeaberdeenshire.org.uk/media/2807/mobile-central-timetable-160119.pdf
Aberdeenshire Council,Central,Central Weeks 2 & 4 Tuesday,Newmachar Area,Stroma,"Stroma, Newmachar Area",,-2.2063085,57.2647785,Tuesday,13:20,13:35,FREQ=WEEKLY;INTERVAL=2,2019-01-15,,https://www.livelifeaberdeenshire.org.uk/media/2807/mobile-central-timetable-160119.pdf
Aberdeenshire Council,Central,Central Weeks 2 & 4 Tuesday,Whiterashes,Cotlandhill,"Cotlandhill, Whiterashes",,-2.27987,57.29454,Tuesday,14:40,15:00,FREQ=WEEKLY;INTERVAL=2,2019-01-15,,https://www.livelifeaberdeenshire.org.uk/media/2807/mobile-central-timetable-160119.pdf
Aberdeenshire Council,Central,Central Weeks 2 & 4 Tuesday,Whiterashes,The Country Seat,"The Country Seat, Whiterashes",,-2.2446603,57.3028099,Tuesday,15:15,15:30,FREQ=WEEKLY;INTERVAL=2,2019-01-15,,https://www.livelifeaberdeenshire.org.uk/media/2807/mobile-central-timetable-160119.pdf
Aberdeenshire Council,Central,Central Weeks 2 & 4 Tuesday,Whiterashes,Davashiel ,"Davashiel , Whiterashes",,-2.2495865,57.3058927,Tuesday,15:45,16:00,FREQ=WEEKLY;INTERVAL=2,2019-01-15,,https://www.livelifeaberdeenshire.org.uk/media/2807/mobile-central-timetable-160119.pdf
Aberdeenshire Council,Central,Central Weeks 2 & 4 Wednesday,Inverurie,Summers Nursery,"Summers Nursery, Inverurie",,-2.39629,57.29019,Wednesday,09:30,10:20,FREQ=WEEKLY;INTERVAL=2,2019-01-16,,https://www.livelifeaberdeenshire.org.uk/media/2807/mobile-central-timetable-160119.pdf
Aberdeenshire Council,Central,Central Weeks 2 & 4 Wednesday,Inverurie,Stepping Stones,"Stepping Stones, Inverurie",,-2.39587,57.28688,Wednesday,10:30,10:55,FREQ=WEEKLY;INTERVAL=2,2019-01-16,,https://www.livelifeaberdeenshire.org.uk/media/2807/mobile-central-timetable-160119.pdf
Aberdeenshire Council,Central,Central Weeks 2 & 4 Wednesday,Inverurie,Les Enfants Nursery,"Les Enfants Nursery, Inverurie",,-2.3974521,57.2867119,Wednesday,11:00,11:45,FREQ=WEEKLY;INTERVAL=2,2019-01-16,,https://www.livelifeaberdeenshire.org.uk/media/2807/mobile-central-timetable-160119.pdf
Aberdeenshire Council,Central,Central Weeks 2 & 4 Wednesday,Old Rayne,St Lawrence Hall,"St Lawrence Hall, Old Rayne",,-2.5432169,57.3441336,Wednesday,12:15,12:40,FREQ=WEEKLY;INTERVAL=2,2019-01-16,,https://www.livelifeaberdeenshire.org.uk/media/2807/mobile-central-timetable-160119.pdf
Aberdeenshire Council,Central,Central Weeks 2 & 4 Wednesday,Insch,Dreams Nursery,"Dreams Nursery, Insch",,-2.6088797,57.3497111,Wednesday,13:15,13:35,FREQ=WEEKLY;INTERVAL=2,2019-01-16,,https://www.livelifeaberdeenshire.org.uk/media/2807/mobile-central-timetable-160119.pdf
Aberdeenshire Council,Central,Central Weeks 2 & 4 Wednesday,Colpy Village Phone Box,Colpy Village Phone Box,"Colpy Village Phone Box, Colpy Village Phone Box",,-2.5963654,57.3804316,Wednesday,14:25,14:40,FREQ=WEEKLY;INTERVAL=2,2019-01-16,,https://www.livelifeaberdeenshire.org.uk/media/2807/mobile-central-timetable-160119.pdf
Aberdeenshire Council,Central,Central Weeks 2 & 4 Wednesday,Wartle,Tocher Croft,"Tocher Croft, Wartle",,-2.5061402,57.3837975,Wednesday,15:00,15:15,FREQ=WEEKLY;INTERVAL=2,2019-01-16,,https://www.livelifeaberdeenshire.org.uk/media/2807/mobile-central-timetable-160119.pdf
Aberdeenshire Council,Central,Central Weeks 2 & 4 Thursday,Gordonston,Newton Bank,"Newton Bank, Gordonston",,-2.485365,57.4337465,Thursday,09:40,09:55,FREQ=WEEKLY;INTERVAL=2,2019-01-17,,https://www.livelifeaberdeenshire.org.uk/media/2807/mobile-central-timetable-160119.pdf
Aberdeenshire Council,Central,Central Weeks 2 & 4 Thursday,Rothiebrisbane,Rothiedale,"Rothiedale, Rothiebrisbane",,-2.4413732,57.4222319,Thursday,10:10,11:25,FREQ=WEEKLY;INTERVAL=2,2019-01-17,,https://www.livelifeaberdeenshire.org.uk/media/2807/mobile-central-timetable-160119.pdf
Aberdeenshire Council,Central,Central Weeks 2 & 4 Thursday,Rothienorman,Car Park,"Car Park, Rothienorman",,-2.46443,57.41128,Thursday,10:45,11:15,FREQ=WEEKLY;INTERVAL=2,2019-01-17,,https://www.livelifeaberdeenshire.org.uk/media/2807/mobile-central-timetable-160119.pdf
Aberdeenshire Council,Central,Central Weeks 2 & 4 Thursday,Rothienorman,Playgroup,"Playgroup, Rothienorman",,-2.46445,57.41134,Thursday,11:15,12:00,FREQ=WEEKLY;INTERVAL=2,2019-01-17,,https://www.livelifeaberdeenshire.org.uk/media/2807/mobile-central-timetable-160119.pdf
Aberdeenshire Council,Central,Central Weeks 2 & 4 Thursday,Meikle Wartle,Woodlands,"Woodlands, Meikle Wartle",,-2.4603112,57.3688759,Thursday,13:35,13:40,FREQ=WEEKLY;INTERVAL=2,2019-01-17,,https://www.livelifeaberdeenshire.org.uk/media/2807/mobile-central-timetable-160119.pdf
Aberdeenshire Council,Central,Central Weeks 2 & 4 Thursday,Whiteford,Whiteford Gardens,"Whiteford Gardens, Whiteford",,-2.4646627,57.324914,Thursday,14:00,14:20,FREQ=WEEKLY;INTERVAL=2,2019-01-17,,https://www.livelifeaberdeenshire.org.uk/media/2807/mobile-central-timetable-160119.pdf
Aberdeenshire Council,Central,Central Weeks 2 & 4 Thursday,Daviot,St Colms,"St Colms, Daviot",,-2.4193598,57.3450316,Thursday,14:45,15:10,FREQ=WEEKLY;INTERVAL=2,2019-01-17,,https://www.livelifeaberdeenshire.org.uk/media/2807/mobile-central-timetable-160119.pdf
Aberdeenshire Council,South,South Weeks 1 & 3 Monday,Newe,Newe Lodge,"Newe Lodge, Newe",,-3.039106,57.195981,Monday,10:30,10:45,FREQ=WEEKLY;INTERVAL=2,2019-01-21,,https://www.livelifeaberdeenshire.org.uk/media/2809/mobile-south-timetable-160119.pdf
Aberdeenshire Council,South,South Weeks 1 & 3 Monday,Corgarff,Memorial Car Park,"Memorial Car Park, Corgarff",,-3.194105,57.160718,Monday,11:00,11:30,FREQ=WEEKLY;INTERVAL=2,2019-01-21,,https://www.livelifeaberdeenshire.org.uk/media/2809/mobile-south-timetable-160119.pdf
Aberdeenshire Council,South,South Weeks 1 & 3 Monday,Corgarff,Goodbrand & Ross Car Park,"Goodbrand & Ross Car Park, Corgarff",,-3.1846147,57.1622149,Monday,11:35,11:50,FREQ=WEEKLY;INTERVAL=2,2019-01-21,,https://www.livelifeaberdeenshire.org.uk/media/2809/mobile-south-timetable-160119.pdf
Aberdeenshire Council,South,South Weeks 1 & 3 Monday,Roughpark,Roughpark,"Roughpark, Roughpark",,-3.0893221,57.1934161,Monday,12:00,12:20,FREQ=WEEKLY;INTERVAL=2,2019-01-21,,https://www.livelifeaberdeenshire.org.uk/media/2809/mobile-south-timetable-160119.pdf
Aberdeenshire Council,South,South Weeks 1 & 3 Monday,Strathdon Area,Bellabeg,"Bellabeg, Strathdon Area",,-3.0703602,57.2041775,Monday,13:20,13:35,FREQ=WEEKLY;INTERVAL=2,2019-01-21,,https://www.livelifeaberdeenshire.org.uk/media/2809/mobile-south-timetable-160119.pdf
Aberdeenshire Council,South,South Weeks 1 & 3 Monday,Strathdon Area,Aldersyde Cottage,"Aldersyde Cottage, Strathdon Area",,-3.0485471,57.1941558,Monday,13:40,13:55,FREQ=WEEKLY;INTERVAL=2,2019-01-21,,https://www.livelifeaberdeenshire.org.uk/media/2809/mobile-south-timetable-160119.pdf
Aberdeenshire Council,South,South Weeks 1 & 3 Monday,Strathdon Area,Heughead,"Heughead, Strathdon Area",,-3.0258077,57.1904255,Monday,14:00,14:15,FREQ=WEEKLY;INTERVAL=2,2019-01-21,,https://www.livelifeaberdeenshire.org.uk/media/2809/mobile-south-timetable-160119.pdf
Aberdeenshire Council,South,South Weeks 1 & 3 Monday,Glenkindie Area – Burns View,Glenkindie Area – Burns View,"Glenkindie Area – Burns View, Glenkindie Area – Burns View",,-2.9385537,57.2119797,Monday,14:30,14:50,FREQ=WEEKLY;INTERVAL=2,2019-01-21,,https://www.livelifeaberdeenshire.org.uk/media/2809/mobile-south-timetable-160119.pdf
Aberdeenshire Council,South,South Weeks 1 & 3 Tuesday,Drumlithie – Glenbervie Road,Drumlithie – Glenbervie Road,"Drumlithie – Glenbervie Road, Drumlithie – Glenbervie Road",,-2.3532172,56.9184378,Tuesday,09:15,09:35,FREQ=WEEKLY;INTERVAL=2,2019-01-22,,https://www.livelifeaberdeenshire.org.uk/media/2809/mobile-south-timetable-160119.pdf
Aberdeenshire Council,South,South Weeks 1 & 3 Tuesday,Drumlithie,Rolland Place,"Rolland Place, Drumlithie",,-2.3512653,56.9177175,Tuesday,09:40,09:55,FREQ=WEEKLY;INTERVAL=2,2019-01-22,,https://www.livelifeaberdeenshire.org.uk/media/2809/mobile-south-timetable-160119.pdf
Aberdeenshire Council,South,South Weeks 1 & 3 Tuesday,Drumlithie,Playgroup,"Playgroup, Drumlithie",,-2.3494663,56.9180052,Tuesday,10:00,10:20,FREQ=WEEKLY;INTERVAL=2,2019-01-22,,https://www.livelifeaberdeenshire.org.uk/media/2809/mobile-south-timetable-160119.pdf
Aberdeenshire Council,South,South Weeks 1 & 3 Tuesday,Laurencekirk,Mearns Drive,"Mearns Drive, Laurencekirk",,-2.474729,56.8292893,Tuesday,10:45,11:15,FREQ=WEEKLY;INTERVAL=2,2019-01-22,,https://www.livelifeaberdeenshire.org.uk/media/2809/mobile-south-timetable-160119.pdf
Aberdeenshire Council,South,South Weeks 1 & 3 Tuesday,Arbuthnott,Milton Cottages,"Milton Cottages, Arbuthnott",,-2.3312628,56.8690535,Tuesday,11:35,11:45,FREQ=WEEKLY;INTERVAL=2,2019-01-22,,https://www.livelifeaberdeenshire.org.uk/media/2809/mobile-south-timetable-160119.pdf
Aberdeenshire Council,South,South Weeks 1 & 3 Tuesday,Inverbervie,Mill of Uras,"Mill of Uras, Inverbervie",,-2.219182,56.912053,Tuesday,12:10,12:25,FREQ=WEEKLY;INTERVAL=2,2019-01-22,,https://www.livelifeaberdeenshire.org.uk/media/2809/mobile-south-timetable-160119.pdf
Aberdeenshire Council,South,South Weeks 1 & 3 Tuesday,Gourdon,Memorial,"Memorial, Gourdon",,-2.2860417,56.8307341,Tuesday,12:40,13:00,FREQ=WEEKLY;INTERVAL=2,2019-01-22,,https://www.livelifeaberdeenshire.org.uk/media/2809/mobile-south-timetable-160119.pdf
Aberdeenshire Council,South,South Weeks 1 & 3 Tuesday,Gourdon,Queen Street,"Queen Street, Gourdon",,-2.2834142,56.8289343,Tuesday,13:05,13:20,FREQ=WEEKLY;INTERVAL=2,2019-01-22,,https://www.livelifeaberdeenshire.org.uk/media/2809/mobile-south-timetable-160119.pdf
Aberdeenshire Council,South,South Weeks 1 & 3 Tuesday,Johnshaven,Golden Acre,"Golden Acre, Johnshaven",,-2.3345783,56.7966497,Tuesday,14:10,14:25,FREQ=WEEKLY;INTERVAL=2,2019-01-22,,https://www.livelifeaberdeenshire.org.uk/media/2809/mobile-south-timetable-160119.pdf
Aberdeenshire Council,South,South Weeks 1 & 3 Tuesday,Johnshaven,Dock Street,"Dock Street, Johnshaven",,-2.3367645,56.7939996,Tuesday,14:30,14:45,FREQ=WEEKLY;INTERVAL=2,2019-01-22,,https://www.livelifeaberdeenshire.org.uk/media/2809/mobile-south-timetable-160119.pdf
Aberdeenshire Council,South,South Weeks 1 & 3 Tuesday,Johnshaven,East End,"East End, Johnshaven",,-2.3311611,56.7957602,Tuesday,14:50,15:10,FREQ=WEEKLY;INTERVAL=2,2019-01-22,,https://www.livelifeaberdeenshire.org.uk/media/2809/mobile-south-timetable-160119.pdf
Aberdeenshire Council,South,South Weeks 1 & 3 Tuesday,Stonehaven,MacDonald Court,"MacDonald Court, Stonehaven",,-2.22802,56.96898,Tuesday,15:45,16:10,FREQ=WEEKLY;INTERVAL=2,2019-01-22,,https://www.livelifeaberdeenshire.org.uk/media/2809/mobile-south-timetable-160119.pdf
Aberdeenshire Council,South,South Weeks 1 & 3 Tuesday,Stonehaven,Arduthie Gardens,"Arduthie Gardens, Stonehaven",,-2.2283457,56.9673123,Tuesday,16:15,16:35,FREQ=WEEKLY;INTERVAL=2,2019-01-22,,https://www.livelifeaberdeenshire.org.uk/media/2809/mobile-south-timetable-160119.pdf
Aberdeenshire Council,South,South Weeks 1 & 3 Wednesday,Drumoak,Sunnyside Gardens,"Sunnyside Gardens, Drumoak",,-2.3396739,57.0822495,Wednesday,10:00,10:10,FREQ=WEEKLY;INTERVAL=2,2019-01-09,,https://www.livelifeaberdeenshire.org.uk/media/2809/mobile-south-timetable-160119.pdf
Aberdeenshire Council,South,South Weeks 1 & 3 Wednesday,Drumoak,Sunnyside Avenue,"Sunnyside Avenue, Drumoak",,-2.3431365,57.0817639,Wednesday,10:10,10:25,FREQ=WEEKLY;INTERVAL=2,2019-01-09,,https://www.livelifeaberdeenshire.org.uk/media/2809/mobile-south-timetable-160119.pdf
Aberdeenshire Council,South,South Weeks 1 & 3 Wednesday,Drumoak,School Lane,"School Lane, Drumoak",,-2.342377,57.0831956,Wednesday,10:45,10:55,FREQ=WEEKLY;INTERVAL=2,2019-01-09,,https://www.livelifeaberdeenshire.org.uk/media/2809/mobile-south-timetable-160119.pdf
Aberdeenshire Council,South,South Weeks 1 & 3 Wednesday,Drumoak,Kimberley,"Kimberley, Drumoak",,-2.3451355,57.0857556,Wednesday,11:00,11:10,FREQ=WEEKLY;INTERVAL=2,2019-01-09,,https://www.livelifeaberdeenshire.org.uk/media/2809/mobile-south-timetable-160119.pdf
Aberdeenshire Council,South,South Weeks 1 & 3 Wednesday,Drumoak Area,Oaklea,"Oaklea, Drumoak Area",,-2.3438655,57.1028837,Wednesday,11:20,11:25,FREQ=WEEKLY;INTERVAL=2,2019-01-09,,https://www.livelifeaberdeenshire.org.uk/media/2809/mobile-south-timetable-160119.pdf
Aberdeenshire Council,South,South Weeks 1 & 3 Wednesday,Drumoak Area,Wardies,"Wardies, Drumoak Area",,-2.3148461,57.1009276,Wednesday,11:30,11:40,FREQ=WEEKLY;INTERVAL=2,2019-01-09,,https://www.livelifeaberdeenshire.org.uk/media/2809/mobile-south-timetable-160119.pdf
Aberdeenshire Council,South,South Weeks 1 & 3 Wednesday,Inchmarlo,The Courtyard,"The Courtyard, Inchmarlo",,-2.54022,57.06281,Wednesday,13:10,13:25,FREQ=WEEKLY;INTERVAL=2,2019-01-09,,https://www.livelifeaberdeenshire.org.uk/media/2809/mobile-south-timetable-160119.pdf
Aberdeenshire Council,South,South Weeks 1 & 3 Wednesday,Inchmarlo – Pinefield,Inchmarlo – Pinefield,"Inchmarlo – Pinefield, Inchmarlo – Pinefield",,-2.544683,57.062525,Wednesday,13:30,13:40,FREQ=WEEKLY;INTERVAL=2,2019-01-09,,https://www.livelifeaberdeenshire.org.uk/media/2809/mobile-south-timetable-160119.pdf
Aberdeenshire Council,South,South Weeks 1 & 3 Wednesday,Inchmarlo House,Inchmarlo House,"Inchmarlo House, Inchmarlo House",,-2.544645,57.061007,Wednesday,13:45,14:15,FREQ=WEEKLY;INTERVAL=2,2019-01-09,,https://www.livelifeaberdeenshire.org.uk/media/2809/mobile-south-timetable-160119.pdf
Aberdeenshire Council,South,South Weeks 1 & 3 Wednesday,Torphins,Kinnairdy Terrace,"Kinnairdy Terrace, Torphins",,-2.6233064,57.1042349,Wednesday,14:30,14:50,FREQ=WEEKLY;INTERVAL=2,2019-01-09,,https://www.livelifeaberdeenshire.org.uk/media/2809/mobile-south-timetable-160119.pdf
Aberdeenshire Council,South,South Weeks 1 & 3 Wednesday,Torphins,Opposite School,"Opposite School, Torphins",,-2.6232769,57.1052861,Wednesday,14:50,15:10,FREQ=WEEKLY;INTERVAL=2,2019-01-09,,https://www.livelifeaberdeenshire.org.uk/media/2809/mobile-south-timetable-160119.pdf
Aberdeenshire Council,South,South Weeks 1 & 3 Wednesday,Torphins,William Street,"William Street, Torphins",,-2.6212998,57.1064684,Wednesday,15:15,15:30,FREQ=WEEKLY;INTERVAL=2,2019-01-09,,https://www.livelifeaberdeenshire.org.uk/media/2809/mobile-south-timetable-160119.pdf
Aberdeenshire Council,South,South Weeks 1 & 3 Wednesday,Torphins,Annesley Park,"Annesley Park, Torphins",,-2.6201264,57.1031776,Wednesday,15:30,16:00,FREQ=WEEKLY;INTERVAL=2,2019-01-09,,https://www.livelifeaberdeenshire.org.uk/media/2809/mobile-south-timetable-160119.pdf
Aberdeenshire Council,South,South Weeks 1 & 3 Thursday,Kincardine O'Neil,The Spailings,"The Spailings, Kincardine O'Neil",,-2.6772355,57.0855126,Thursday,09:30,09:45,FREQ=WEEKLY;INTERVAL=2,2019-01-10,,https://www.livelifeaberdeenshire.org.uk/media/2809/mobile-south-timetable-160119.pdf
Aberdeenshire Council,South,South Weeks 1 & 3 Thursday,Kincardine O'Neil,School Car Park,"School Car Park, Kincardine O'Neil",,-2.6712552,57.0850273,Thursday,09:50,10:10,FREQ=WEEKLY;INTERVAL=2,2019-01-10,,https://www.livelifeaberdeenshire.org.uk/media/2809/mobile-south-timetable-160119.pdf
Aberdeenshire Council,South,South Weeks 1 & 3 Thursday,Ballogie,Marywell,"Marywell, Ballogie",,-2.6922684,57.0544319,Thursday,10:40,11:00,FREQ=WEEKLY;INTERVAL=2,2019-01-10,,https://www.livelifeaberdeenshire.org.uk/media/2809/mobile-south-timetable-160119.pdf
Aberdeenshire Council,South,South Weeks 1 & 3 Thursday,Ballogie,Ballogie Nursery,"Ballogie Nursery, Ballogie",,-2.6893415,57.050543,Thursday,11:05,11:25,FREQ=WEEKLY;INTERVAL=2,2019-01-10,,https://www.livelifeaberdeenshire.org.uk/media/2809/mobile-south-timetable-160119.pdf
Aberdeenshire Council,South,South Weeks 1 & 3 Thursday,Finzean,Finzean Hall ,"Finzean Hall , Finzean",,-2.6267,57.0220985,Thursday,11:35,11:50,FREQ=WEEKLY;INTERVAL=2,2019-01-10,,https://www.livelifeaberdeenshire.org.uk/media/2809/mobile-south-timetable-160119.pdf
Aberdeenshire Council,South,South Weeks 1 & 3 Thursday,Strachan,Bowbutts,"Bowbutts, Strachan",,-2.5360464,57.0205694,Thursday,13:15,13:30,FREQ=WEEKLY;INTERVAL=2,2019-01-10,,https://www.livelifeaberdeenshire.org.uk/media/2809/mobile-south-timetable-160119.pdf
Aberdeenshire Council,South,South Weeks 1 & 3 Thursday,Banchory,Woodlands Nursery,"Woodlands Nursery, Banchory",,-2.47632,57.06279,Thursday,13:45,14:05,FREQ=WEEKLY;INTERVAL=2,2019-01-10,,https://www.livelifeaberdeenshire.org.uk/media/2809/mobile-south-timetable-160119.pdf
Aberdeenshire Council,South,South Weeks 1 & 3 Thursday,Stonehaven – Mowat Court,Stonehaven – Mowat Court,"Stonehaven – Mowat Court, Stonehaven – Mowat Court",,-2.230899,56.969092,Thursday,14:45,15:15,FREQ=WEEKLY;INTERVAL=2,2019-01-10,,https://www.livelifeaberdeenshire.org.uk/media/2809/mobile-south-timetable-160119.pdf
Aberdeenshire Council,South,South Weeks 2 & 4 Monday,Auchenblae,The Square,"The Square, Auchenblae",,-2.4499133,56.899419,Monday,09:30,09:50,FREQ=WEEKLY;INTERVAL=2,2019-01-14,,https://www.livelifeaberdeenshire.org.uk/media/2809/mobile-south-timetable-160119.pdf
Aberdeenshire Council,South,South Weeks 2 & 4 Monday,Auchenblae,Hillview Road,"Hillview Road, Auchenblae",,-2.449306,56.9011675,Monday,09:55,10:15,FREQ=WEEKLY;INTERVAL=2,2019-01-14,,https://www.livelifeaberdeenshire.org.uk/media/2809/mobile-south-timetable-160119.pdf
Aberdeenshire Council,South,South Weeks 2 & 4 Monday,Auchenblae,Nursery,"Nursery, Auchenblae",,-2.4524132,56.8966955,Monday,10:20,10:40,FREQ=WEEKLY;INTERVAL=2,2019-01-14,,https://www.livelifeaberdeenshire.org.uk/media/2809/mobile-south-timetable-160119.pdf
Aberdeenshire Council,South,South Weeks 2 & 4 Monday,Fordoun,Tochhill Road,"Tochhill Road, Fordoun",,-2.4132378,56.8731489,Monday,10:50,11:05,FREQ=WEEKLY;INTERVAL=2,2019-01-14,,https://www.livelifeaberdeenshire.org.uk/media/2809/mobile-south-timetable-160119.pdf
Aberdeenshire Council,South,South Weeks 2 & 4 Monday,Edzell Woods,Denstrath Road,"Denstrath Road, Edzell Woods",,-2.623056,56.815583,Monday,11:35,11:50,FREQ=WEEKLY;INTERVAL=2,2019-01-14,,https://www.livelifeaberdeenshire.org.uk/media/2809/mobile-south-timetable-160119.pdf
Aberdeenshire Council,South,South Weeks 2 & 4 Monday,Edzell Area,Northwaterbridge,"Northwaterbridge, Edzell Area",,-2.568699,56.7918196,Monday,12:00,12:10,FREQ=WEEKLY;INTERVAL=2,2019-01-14,,https://www.livelifeaberdeenshire.org.uk/media/2809/mobile-south-timetable-160119.pdf
Aberdeenshire Council,South,South Weeks 2 & 4 Monday,Luthermuir,Newbiggin Cottages,"Newbiggin Cottages, Luthermuir",,-2.5624366,56.8061347,Monday,13:00,13:15,FREQ=WEEKLY;INTERVAL=2,2019-01-14,,https://www.livelifeaberdeenshire.org.uk/media/2809/mobile-south-timetable-160119.pdf
Aberdeenshire Council,South,South Weeks 2 & 4 Monday,Luthermuir,Hall,"Hall, Luthermuir",,-2.5619701,56.8075105,Monday,13:20,13:30,FREQ=WEEKLY;INTERVAL=2,2019-01-14,,https://www.livelifeaberdeenshire.org.uk/media/2809/mobile-south-timetable-160119.pdf
Aberdeenshire Council,South,South Weeks 2 & 4 Monday,Luthermuir,School Road,"School Road, Luthermuir",,-2.5571149,56.8071616,Monday,13:35,14:05,FREQ=WEEKLY;INTERVAL=2,2019-01-14,,https://www.livelifeaberdeenshire.org.uk/media/2809/mobile-south-timetable-160119.pdf
Aberdeenshire Council,South,South Weeks 2 & 4 Monday,Marykirk,Main Street,"Main Street, Marykirk",,-2.5160921,56.7824393,Monday,14:15,14:25,FREQ=WEEKLY;INTERVAL=2,2019-01-14,,https://www.livelifeaberdeenshire.org.uk/media/2809/mobile-south-timetable-160119.pdf
Aberdeenshire Council,South,South Weeks 2 & 4 Monday,Marykirk,Napier Place,"Napier Place, Marykirk",,-2.5133651,56.7839485,Monday,14:30,14:40,FREQ=WEEKLY;INTERVAL=2,2019-01-14,,https://www.livelifeaberdeenshire.org.uk/media/2809/mobile-south-timetable-160119.pdf
Aberdeenshire Council,South,South Weeks 2 & 4 Monday,St Cyrus,Invergarry Park,"Invergarry Park, St Cyrus",,-2.4169321,56.7773138,Monday,15:00,15:15,FREQ=WEEKLY;INTERVAL=2,2019-01-14,,https://www.livelifeaberdeenshire.org.uk/media/2809/mobile-south-timetable-160119.pdf
Aberdeenshire Council,South,South Weeks 2 & 4 Monday,St Cyrus,Hall,"Hall, St Cyrus",,-2.4149733,56.775002,Monday,15:20,15:40,FREQ=WEEKLY;INTERVAL=2,2019-01-14,,https://www.livelifeaberdeenshire.org.uk/media/2809/mobile-south-timetable-160119.pdf
Aberdeenshire Council,South,South Weeks 2 & 4 Monday,St Cyrus,Croft Place,"Croft Place, St Cyrus",,-2.4166123,56.7727759,Monday,15:45,16:05,FREQ=WEEKLY;INTERVAL=2,2019-01-14,,https://www.livelifeaberdeenshire.org.uk/media/2809/mobile-south-timetable-160119.pdf
Aberdeenshire Council,South,South Weeks 2 & 4 Tuesday,Braemar,Kindrochit Court,"Kindrochit Court, Braemar",,-3.4009812,57.0055687,Tuesday,10:00,10:30,FREQ=WEEKLY;INTERVAL=2,2019-01-15,,https://www.livelifeaberdeenshire.org.uk/media/2809/mobile-south-timetable-160119.pdf
Aberdeenshire Council,South,South Weeks 2 & 4 Tuesday,Braemar,Chapel Brae,"Chapel Brae, Braemar",,-3.4040025,57.0064234,Tuesday,10:35,10:45,FREQ=WEEKLY;INTERVAL=2,2019-01-15,,https://www.livelifeaberdeenshire.org.uk/media/2809/mobile-south-timetable-160119.pdf
Aberdeenshire Council,South,South Weeks 2 & 4 Tuesday,Braemar,St Andrew's Terrace,"St Andrew's Terrace, Braemar",,-3.4006868,57.0073475,Tuesday,10:50,11:00,FREQ=WEEKLY;INTERVAL=2,2019-01-15,,https://www.livelifeaberdeenshire.org.uk/media/2809/mobile-south-timetable-160119.pdf
Aberdeenshire Council,South,South Weeks 2 & 4 Tuesday,Braemar,Old Church,"Old Church, Braemar",,-3.3978512,57.0060385,Tuesday,11:05,11:20,FREQ=WEEKLY;INTERVAL=2,2019-01-15,,https://www.livelifeaberdeenshire.org.uk/media/2809/mobile-south-timetable-160119.pdf
Aberdeenshire Council,South,South Weeks 2 & 4 Tuesday,East Balmoral,Dairy Cottages,"Dairy Cottages, East Balmoral",,-3.21894,57.03438,Tuesday,11:40,11:55,FREQ=WEEKLY;INTERVAL=2,2019-01-15,,https://www.livelifeaberdeenshire.org.uk/media/2809/mobile-south-timetable-160119.pdf
Aberdeenshire Council,South,South Weeks 2 & 4 Tuesday,Logie Coldstone,School Car Park,"School Car Park, Logie Coldstone",,-2.9370039,57.1280595,Tuesday,12:55,13:25,FREQ=WEEKLY;INTERVAL=2,2019-01-15,,https://www.livelifeaberdeenshire.org.uk/media/2809/mobile-south-timetable-160119.pdf
Aberdeenshire Council,South,South Weeks 2 & 4 Tuesday,Tarland,Anderson Terrace,"Anderson Terrace, Tarland",,-2.8602754,57.1261427,Tuesday,13:40,14:00,FREQ=WEEKLY;INTERVAL=2,2019-01-15,,https://www.livelifeaberdeenshire.org.uk/media/2809/mobile-south-timetable-160119.pdf
Aberdeenshire Council,South,South Weeks 2 & 4 Tuesday,Tarland,The Square,"The Square, Tarland",,-2.8590188,57.1275201,Tuesday,14:05,14:30,FREQ=WEEKLY;INTERVAL=2,2019-01-15,,https://www.livelifeaberdeenshire.org.uk/media/2809/mobile-south-timetable-160119.pdf
Aberdeenshire Council,South,South Weeks 2 & 4 Tuesday,Tarland,Cromar Court,"Cromar Court, Tarland",,-2.8559467,57.1295461,Tuesday,14:35,14:55,FREQ=WEEKLY;INTERVAL=2,2019-01-15,,https://www.livelifeaberdeenshire.org.uk/media/2809/mobile-south-timetable-160119.pdf
Aberdeenshire Council,South,South Weeks 2 & 4 Tuesday,Tarland,School Road,"School Road, Tarland",,-2.8569251,57.1305972,Tuesday,15:00,15:20,FREQ=WEEKLY;INTERVAL=2,2019-01-15,,https://www.livelifeaberdeenshire.org.uk/media/2809/mobile-south-timetable-160119.pdf
Aberdeenshire Council,South,South Weeks 2 & 4 Wednesday,Tornaveen,Hall,"Hall, Tornaveen",,-2.6311514,57.142652,Wednesday,09:45,10:00,FREQ=WEEKLY;INTERVAL=2,2019-01-16,,https://www.livelifeaberdeenshire.org.uk/media/2809/mobile-south-timetable-160119.pdf
Aberdeenshire Council,South,South Weeks 2 & 4 Wednesday,Torphins Playgroup,Torphins Playgroup,"Torphins Playgroup, Torphins Playgroup",,-2.6198082,57.1076036,Wednesday,10:15,10:40,FREQ=WEEKLY;INTERVAL=2,2019-01-16,,https://www.livelifeaberdeenshire.org.uk/media/2809/mobile-south-timetable-160119.pdf
Aberdeenshire Council,South,South Weeks 2 & 4 Wednesday,Lumphanan,Craigton Crescent,"Craigton Crescent, Lumphanan",,-2.691254,57.1302258,Wednesday,11:20,11:30,FREQ=WEEKLY;INTERVAL=2,2019-01-16,,https://www.livelifeaberdeenshire.org.uk/media/2809/mobile-south-timetable-160119.pdf
Aberdeenshire Council,South,South Weeks 2 & 4 Wednesday,Lumphanan,The Square,"The Square, Lumphanan",,-2.688085,57.1276706,Wednesday,11:00,11:15,FREQ=WEEKLY;INTERVAL=2,2019-01-16,,https://www.livelifeaberdeenshire.org.uk/media/2809/mobile-south-timetable-160119.pdf
Aberdeenshire Council,South,South Weeks 2 & 4 Wednesday,Lumphanan – Playgroup – The Hut,Lumphanan – Playgroup – The Hut,"Lumphanan – Playgroup – The Hut, Lumphanan – Playgroup – The Hut",,-2.686332,57.129196,Wednesday,11:35,11:50,FREQ=WEEKLY;INTERVAL=2,2019-01-16,,https://www.livelifeaberdeenshire.org.uk/media/2809/mobile-south-timetable-160119.pdf
Aberdeenshire Council,South,South Weeks 2 & 4 Wednesday,Montgarrie,Woodhead Cottage,"Woodhead Cottage, Montgarrie",,-2.6710369,57.2518364,Wednesday,12:30,13:00,FREQ=WEEKLY;INTERVAL=2,2019-01-16,,https://www.livelifeaberdeenshire.org.uk/media/2809/mobile-south-timetable-160119.pdf
Aberdeenshire Council,South,South Weeks 2 & 4 Wednesday,Cushnie Area,Bogfern Cottage,"Bogfern Cottage, Cushnie Area",,-2.782652,57.157922,Wednesday,14:00,14:15,FREQ=WEEKLY;INTERVAL=2,2019-01-16,,https://www.livelifeaberdeenshire.org.uk/media/2809/mobile-south-timetable-160119.pdf
Aberdeenshire Council,South,South Weeks 2 & 4 Wednesday,Corse,Hillhead of Corse,"Hillhead of Corse, Corse",,-2.7277014,57.1497379,Wednesday,14:25,14:45,FREQ=WEEKLY;INTERVAL=2,2019-01-16,,https://www.livelifeaberdeenshire.org.uk/media/2809/mobile-south-timetable-160119.pdf
Aberdeenshire Council,South,South Weeks 2 & 4 Thursday,Maryculter,Fernieslack Cottage,"Fernieslack Cottage, Maryculter",,-2.2002736,57.0828038,Thursday,09:20,09:30,FREQ=WEEKLY;INTERVAL=2,2019-01-17,,https://www.livelifeaberdeenshire.org.uk/media/2809/mobile-south-timetable-160119.pdf
Aberdeenshire Council,South,South Weeks 2 & 4 Thursday,Banchory Devenick,Crossroads,"Crossroads, Banchory Devenick",,-2.1450378,57.0919419,Thursday,10:00,10:15,FREQ=WEEKLY;INTERVAL=2,2019-01-17,,https://www.livelifeaberdeenshire.org.uk/media/2809/mobile-south-timetable-160119.pdf
Aberdeenshire Council,South,South Weeks 2 & 4 Thursday,Portlethen: Glebe Court,Portlethen: Glebe Court,"Portlethen: Glebe Court, Portlethen: Glebe Court",,-2.132067,57.0642894,Thursday,10:25,10:40,FREQ=WEEKLY;INTERVAL=2,2019-01-17,,https://www.livelifeaberdeenshire.org.uk/media/2809/mobile-south-timetable-160119.pdf
Aberdeenshire Council,South,South Weeks 2 & 4 Thursday,Marywell,Checkbar Nigg,"Checkbar Nigg, Marywell",,-2.110196,57.086603,Thursday,10:50,11:05,FREQ=WEEKLY;INTERVAL=2,2019-01-17,,https://www.livelifeaberdeenshire.org.uk/media/2809/mobile-south-timetable-160119.pdf
Aberdeenshire Council,South,South Weeks 2 & 4 Thursday,Portlethen Area,Findon,"Findon, Portlethen Area",,-2.106837,57.0692257,Thursday,11:15,11:35,FREQ=WEEKLY;INTERVAL=2,2019-01-17,,https://www.livelifeaberdeenshire.org.uk/media/2809/mobile-south-timetable-160119.pdf
Aberdeenshire Council,South,South Weeks 2 & 4 Thursday,Portlethen Area,Old Portlethen,"Old Portlethen, Portlethen Area",,-2.1133045,57.056551,Thursday,13:05,13:30,FREQ=WEEKLY;INTERVAL=2,2019-01-17,,https://www.livelifeaberdeenshire.org.uk/media/2809/mobile-south-timetable-160119.pdf
Aberdeenshire Council,South,South Weeks 2 & 4 Thursday,Muchalls,Ritchie Place,"Ritchie Place, Muchalls",,-2.1621907,57.0222892,Thursday,14:00,14:25,FREQ=WEEKLY;INTERVAL=2,2019-01-17,,https://www.livelifeaberdeenshire.org.uk/media/2809/mobile-south-timetable-160119.pdf
